"yearid","teamid","spending","wins","cash_per_win","spending_diff","win_diff"
2000,"ANA",51464167,2460,20920.39,NULL,NULL
2001,"ANA",47535167,2250,21126.74,-3929000.0,-210.0
2002,"ANA",61721667,2772,22266.11,14186500,522
2003,"ANA",79031667,2079,38014.27,17310000,-693.0
2004,"ANA",100534667,2484,40472.89,21503000,405
2000,"ARI",81027833,2380,34045.31,NULL,NULL
2001,"ARI",85082999,2576,33029.11,4055166,196
2002,"ARI",102819999,3234,31793.44,17737000,658
2003,"ARI",80657000,2100,38408.1,-22162999.0,-1134.0
2004,"ARI",69780750,1479,47181.03,-10876250.0,-621.0
2005,"ARI",62329166,2079,29980.36,-7451584.0,600
2006,"ARI",59684226,1976,30204.57,-2644940.0,-103.0
2007,"ARI",52067546,2520,20661.72,-7616680.0,544
2008,"ARI",66202712,2296,28833.93,14135166,-224.0
2009,"ARI",73115666,1820,40173.44,6912954,-476.0
2010,"ARI",60718166,1690,35927.91,-12397500.0,-130.0
2011,"ARI",53639833,2538,21134.69,-7078333.0,848
2012,"ARI",73804833,2187,33747.07,20165000,-351.0
2013,"ARI",90132000,2430,37091.36,16327167,243
2014,"ARI",97861500,1664,58811.0,7729500,-766.0
2015,"ARI",61834000,2291,26989.96,-36027500.0,627
2016,"ARI",87439063,1794,48739.72,25605063,-497.0
2000,"ATL",84537836,2850,29662.4,NULL,NULL
2001,"ATL",91936166,2728,33700.94,7398330,-122.0
2002,"ATL",92870367,2828,32839.59,934201,100
2003,"ATL",106243667,2727,38959.91,13373300,-101.0
2004,"ATL",90182500,2688,33550.04,-16061167.0,-39.0
2005,"ATL",86457302,2250,38425.47,-3725198.0,-438.0
2006,"ATL",90156876,2291,39352.63,3699574,41
2007,"ATL",87290833,2352,37113.45,-2866043.0,61
2008,"ATL",102365683,2160,47391.52,15074850,-192.0
2009,"ATL",96726166,2494,38783.55,-5639517.0,334
2010,"ATL",84423666,2457,34360.47,-12302500.0,-37.0
2011,"ATL",87002692,2314,37598.4,2579026,-143.0
2012,"ATL",82829942,2726,30385.16,-4172750.0,412
2013,"ATL",87871525,2592,33901.05,5041583,-134.0
2014,"ATL",97609000,1896,51481.54,9737475,-696.0
2015,"ATL",71781250,1608,44640.08,-25827750.0,-288.0
2016,"ATL",68498291,1972,34735.44,-3282959.0,364
2000,"BAL",81447435,2146,37953.14,NULL,NULL
2001,"BAL",67599540,1827,37000.3,-13847895.0,-319.0
2002,"BAL",60493487,2144,28215.25,-7106053.0,317
2003,"BAL",73877500,2059,35880.28,13384013,-85.0
2004,"BAL",51623333,2184,23637.06,-22254167.0,125
2005,"BAL",73914333,2072,35672.94,22291000,-112.0
2006,"BAL",72585582,1960,37033.46,-1328751.0,-112.0
2007,"BAL",93174808,1863,50013.32,20589226,-97.0
2008,"BAL",67196246,2176,30880.63,-25978562.0,313
2009,"BAL",67101666,1664,40325.52,-94580.0,-512.0
2010,"BAL",81612500,1716,47559.73,14510834,52
2011,"BAL",85304038,1794,47549.63,3691538,78
2012,"BAL",77353999,2604,29705.84,-7950039.0,810
2013,"BAL",84393333,2210,38187.03,7039334,-394.0
2014,"BAL",103416000,2688,38473.21,19022667,478
2015,"BAL",115044833,2268,50725.24,11628833,-420.0
2016,"BAL",161863456,2581,62713.47,46818623,313
2000,"BOS",77940333,2550,30564.84,NULL,NULL
2001,"BOS",110035833,2624,41934.39,32095500,74
2002,"BOS",108366060,2790,38840.88,-1669773.0,166
2003,"BOS",99946500,2565,38965.5,-8419560.0,-225.0
2004,"BOS",127298500,2940,43298.81,27352000,375
2005,"BOS",123505125,2660,46430.5,-3793375.0,-280.0
2006,"BOS",120099824,2322,51722.58,-3405301.0,-338.0
2007,"BOS",143026214,2688,53209.16,22926390,366
2008,"BOS",133390035,2660,50146.63,-9636179.0,-28.0
2009,"BOS",121345999,2755,44045.73,-12044036.0,95
2010,"BOS",162447333,2581,62939.69,41101334,-174.0
2011,"BOS",161762475,2430,66568.92,-684858.0,-151.0
2012,"BOS",173186617,2346,73822.09,11424142,-84.0
2013,"BOS",151530000,2813,53867.76,-21656617.0,467
2014,"BOS",139019929,2201,63162.17,-12510071.0,-612.0
2015,"BOS",181103400,2496,72557.45,42083471,295
2016,"BOS",188545761,2697,69909.44,7442361,201
2000,"CHA",31133500,2755,11300.73,NULL,NULL
2001,"CHA",65653667,2241,29296.59,34520167,-514.0
2002,"CHA",57052833,2187,26087.26,-8600834.0,-54.0
2003,"CHA",51010000,2236,22813.06,-6042833.0,49
2004,"CHA",65212500,2158,30218.95,14202500,-78.0
2005,"CHA",75178000,2673,28124.95,9965500,515
2006,"CHA",102750667,2340,43910.54,27572667,-333.0
2007,"CHA",108671833,1872,58051.19,5921166,-468.0
2008,"CHA",121189332,2403,50432.51,12517499,531
2009,"CHA",96068500,2054,46771.42,-25120832.0,-349.0
2010,"CHA",105530000,2288,46123.25,9461500,234
2011,"CHA",127789000,2133,59910.45,22259000,-155.0
2012,"CHA",96919500,2125,45609.18,-30869500.0,-8.0
2013,"CHA",120065277,1764,68064.22,23145777,-361.0
2014,"CHA",81830500,1752,46706.91,-38234777.0,-12.0
2015,"CHA",112373700,2052,54763.01,30543200,300
2016,"CHA",112998667,1950,57948.03,624967,-102.0
2000,"CHN",60539333,1950,31045.81,NULL,NULL
2001,"CHN",64715833,2376,27237.3,4176500,426
2002,"CHN",75690833,1876,40346.93,10975000,-500.0
2003,"CHN",79868333,2464,32414.1,4177500,588
2004,"CHN",90560000,2581,35087.18,10691667,117
2005,"CHN",87032933,2212,39345.81,-3527067.0,-369.0
2006,"CHN",94424499,1848,51095.51,7391566,-364.0
2007,"CHN",99670332,2295,43429.34,5245833,447
2008,"CHN",118345833,2619,45187.41,18675501,324
2009,"CHN",134809000,2075,64968.19,16463167,-544.0
2010,"CHN",146609000,2025,72399.51,11800000,-50.0
2011,"CHN",125047329,1775,70449.2,-21561671.0,-250.0
2012,"CHN",88197033,1586,55609.73,-36850296.0,-189.0
2013,"CHN",100567726,1716,58605.9,12370693,130
2014,"CHN",65522500,1971,33243.28,-35045226.0,255
2015,"CHN",115879310,2716,42665.43,50356810,745
2016,"CHN",154067668,2987,51579.4,38188358,271
2000,"CIN",46867200,2295,20421.44,NULL,NULL
2001,"CIN",48986000,1782,27489.34,2118800,-513.0
2002,"CIN",45050390,2340,19252.3,-3935610.0,558
2003,"CIN",59355667,1932,30722.39,14305277,-408.0
2004,"CIN",46615250,2128,21905.66,-12740417.0,196
2005,"CIN",61892583,2190,28261.45,15277333,62
2006,"CIN",60909519,2240,27191.75,-983064.0,50
2007,"CIN",68524980,2232,30701.16,7615461,-8.0
2008,"CIN",74117695,2072,35771.09,5592715,-160.0
2009,"CIN",73558500,1794,41002.51,-559195.0,-278.0
2010,"CIN",71761542,2366,30330.32,-1796958.0,572
2011,"CIN",75947134,2370,32045.2,4185592,4
2012,"CIN",82203616,2716,30266.43,6256482,346
2013,"CIN",106404462,2250,47290.87,24200846,-466.0
2014,"CIN",108217500,2128,50854.09,1813038,-122.0
2015,"CIN",113072286,1728,65435.35,4854786,-400.0
2016,"CIN",88940059,1972,45101.45,-24132227.0,244
2000,"CLE",75880771,2340,32427.68,NULL,NULL
2001,"CLE",93152001,2730,34121.61,17271230,390
2002,"CLE",78909449,2220,35544.8,-14242552.0,-510.0
2003,"CLE",48584834,2108,23047.83,-30324615.0,-112.0
2004,"CLE",34319300,2400,14299.71,-14265534.0,292
2005,"CLE",41502500,2697,15388.39,7183200,297
2006,"CLE",56031500,1950,28734.1,14529000,-747.0
2007,"CLE",61673267,2784,22152.75,5641767,834
2008,"CLE",78970066,2106,37497.66,17296799,-678.0
2009,"CLE",81579166,1755,46483.86,2609100,-351.0
2010,"CLE",61203966,2001,30586.69,-20375200.0,246
2011,"CLE",48776566,2320,21024.38,-12427400.0,319
2012,"CLE",78430300,1972,39771.96,29653734,-348.0
2013,"CLE",75771800,2576,29414.52,-2658500.0,604
2014,"CLE",82151899,2210,37172.8,6380099,-366.0
2015,"CLE",87663766,2349,37319.61,5511867,139
2016,"CLE",74311900,2538,29279.71,-13351866.0,189
2000,"COL",61111190,2296,26616.37,NULL,NULL
2001,"COL",71541334,1898,37693.01,10430144,-398.0
2002,"COL",56851043,1971,28843.76,-14690291.0,73
2003,"COL",67179667,2220,30261.11,10328624,249
2004,"COL",65445167,1904,34372.46,-1734500.0,-316.0
2005,"COL",47839000,1943,24621.2,-17606167.0,39
2006,"COL",41233000,2432,16954.36,-6606000.0,489
2007,"COL",54041000,2340,23094.44,12808000,-92.0
2008,"COL",68655500,1924,35683.73,14614500,-416.0
2009,"COL",75201000,2484,30274.15,6545500,560
2010,"COL",84227000,2407,34992.52,9026000,-77.0
2011,"COL",88148071,1898,46442.61,3921071,-509.0
2012,"COL",78069571,1856,42063.35,-10078500.0,-42.0
2013,"COL",74409071,1850,40221.12,-3660500.0,-6.0
2014,"COL",95403500,1980,48183.59,20994429,130
2015,"COL",95688600,1700,56287.41,285100,-280.0
2016,"COL",112645071,2475,45513.16,16956471,775
2000,"DET",58265167,2133,27316.07,NULL,NULL
2001,"DET",53416167,1848,28904.85,-4849000.0,-285.0
2002,"DET",55048000,1540,35745.45,1631833,-308.0
2003,"DET",49168000,1118,43978.53,-5880000.0,-422.0
2004,"DET",46832000,2016,23230.16,-2336000.0,898
2005,"DET",69092000,1988,34754.53,22260000,-28.0
2006,"DET",82612866,2660,31057.47,13520866,672
2007,"DET",94800369,2552,37147.48,12187503,-108.0
2008,"DET",137685196,2220,62020.36,42884827,-332.0
2009,"DET",115085145,2408,47792.83,-22600051.0,188
2010,"DET",122864928,2187,56179.67,7779783,-221.0
2011,"DET",105700231,2565,41208.67,-17164697.0,378
2012,"DET",132300000,2552,51841.69,26599769,-13.0
2013,"DET",145989500,2232,65407.48,13689500,-320.0
2014,"DET",152855500,2070,73843.24,6866000,-162.0
2015,"DET",172284750,1850,93126.89,19429250,-220.0
2016,"DET",194876481,2666,73096.95,22591731,816
2000,"FLO",19872000,2212,8983.73,NULL,NULL
2001,"FLO",35762500,2356,15179.33,15890500,144
2002,"FLO",41979917,2212,18978.26,6217417,-144.0
2003,"FLO",49450000,2730,18113.55,7470083,518
2004,"FLO",42143042,2241,18805.46,-7306958.0,-489.0
2005,"FLO",60408834,2241,26956.2,18265792,0
2006,"FLO",14671500,1950,7523.85,-45737334.0,-291.0
2007,"FLO",30507000,2201,13860.52,15835500,251
2008,"FLO",21811500,2772,7868.51,-8695500.0,571
2009,"FLO",36834000,2436,15120.69,15022500,-336.0
2010,"FLO",57029719,2160,26402.65,20195719,-276.0
2011,"FLO",56944000,1872,30418.8,-85719.0,-288.0
2000,"HOU",51289111,1944,26383.29,NULL,NULL
2001,"HOU",60612667,2604,23276.75,9323556,660
2002,"HOU",63448417,2268,27975.49,2835750,-336.0
2003,"HOU",71040000,2262,31405.84,7591583,-6.0
2004,"HOU",75397000,2300,32781.3,4357000,38
2005,"HOU",76779000,2314,33180.21,1382000,14
2006,"HOU",88694435,2050,43265.58,11915435,-264.0
2007,"HOU",87759000,1971,44525.11,-935435.0,-79.0
2008,"HOU",88930414,2322,38299.06,1171414,351
2009,"HOU",102996414,1998,51549.76,14066000,-324.0
2010,"HOU",92355500,2128,43400.14,-10640914.0,130
2011,"HOU",70694000,1624,43530.79,-21661500.0,-504.0
2012,"HOU",60651000,1430,42413.29,-10043000.0,-194.0
2013,"HOU",17890700,1122,15945.37,-42760300.0,-308.0
2014,"HOU",35116300,1400,25083.07,17225600,278
2015,"HOU",72256200,2408,30006.73,37139900,1008
2016,"HOU",94893700,2352,40345.96,22637500,-56.0
2000,"KCA",23433000,2156,10868.74,NULL,NULL
2001,"KCA",35422500,1820,19462.91,11989500,-336.0
2002,"KCA",47257000,1798,26283.09,11834500,-22.0
2003,"KCA",40518000,2158,18775.72,-6739000.0,360
2004,"KCA",47609000,1740,27361.49,7091000,-418.0
2005,"KCA",36881000,1512,24392.2,-10728000.0,-228.0
2006,"KCA",47294000,1798,26303.67,10413000,286
2007,"KCA",67116500,2139,31377.51,19822500,341
2008,"KCA",58245500,1950,29869.49,-8871000.0,-189.0
2009,"KCA",70519333,1690,41727.42,12273833,-260.0
2010,"KCA",71405210,1809,39472.2,885877,119
2011,"KCA",35712000,1846,19345.61,-35693210.0,37
2012,"KCA",60916225,2160,28201.96,25204225,314
2013,"KCA",80091725,2322,34492.56,19175500,162
2014,"KCA",74594075,2225,33525.43,-5497650.0,-97.0
2015,"KCA",112107025,2565,43706.44,37512950,340
2016,"KCA",131487125,2349,55975.79,19380100,-216.0
2005,"LAA",94867822,2755,34434.78,NULL,NULL
2006,"LAA",103472000,2225,46504.27,8604178,-530.0
2007,"LAA",109251333,2820,38741.61,5779333,595
2008,"LAA",119216333,2900,41109.08,9965000,80
2009,"LAA",113709000,2716,41866.35,-5507333.0,-184.0
2010,"LAA",104963866,2320,45243.05,-8745134.0,-396.0
2011,"LAA",138543166,2666,51966.68,33579300,346
2012,"LAA",154485166,2581,59854.77,15942000,-85.0
2013,"LAA",124174750,2028,61230.15,-30310416.0,-553.0
2014,"LAA",121988250,2646,46102.89,-2186500.0,618
2015,"LAA",120005415,2295,52289.94,-1982835.0,-351.0
2016,"LAA",137251333,1924,71336.45,17245918,-371.0
2000,"LAN",87924286,2236,39322.13,NULL,NULL
2001,"LAN",109105953,2494,43747.37,21181667,258
2002,"LAN",94850953,2392,39653.41,-14255000.0,-102.0
2003,"LAN",105572620,2125,49681.23,10721667,-267.0
2004,"LAN",92902001,2511,36998.01,-12670619.0,386
2005,"LAN",83039000,2130,38985.45,-9863001.0,-381.0
2006,"LAN",98447187,2464,39954.22,15408187,334
2007,"LAN",108454524,2378,45607.45,10007337,-86.0
2008,"LAN",118588536,2436,48681.67,10134012,58
2009,"LAN",100414592,2375,42279.83,-18173944.0,-61.0
2010,"LAN",95358016,2160,44147.23,-5056576.0,-215.0
2011,"LAN",104188999,2460,42353.25,8830983,300
2012,"LAN",95143575,2580,36877.35,-9045424.0,120
2013,"LAN",223362196,2944,75870.31,128218621,364
2014,"LAN",217014600,3008,72145.81,-6347596.0,64
2015,"LAN",215792000,2668,80881.56,-1222600.0,-340.0
2016,"LAN",221288380,3185,69478.3,5496380,517
2012,"MIA",118078000,1863,63380.57,NULL,NULL
2013,"MIA",33601900,1488,22581.92,-84476100.0,-375.0
2014,"MIA",41836900,2079,20123.57,8235000,591
2015,"MIA",68056500,1704,39939.26,26219600,-375.0
2016,"MIA",77314202,2212,34952.17,9257702,508
2000,"MIL",36505333,2336,15627.28,NULL,NULL
2001,"MIL",43886833,1904,23049.81,7381500,-432.0
2002,"MIL",50287833,1624,30965.41,6401000,-280.0
2003,"MIL",40627000,1972,20601.93,-9660833.0,348
2004,"MIL",27528500,1675,16434.93,-13098500.0,-297.0
2005,"MIL",39934833,2025,19720.91,12406333,350
2006,"MIL",57568333,1950,29522.22,17633500,-75.0
2007,"MIL",70986500,2241,31676.26,13418167,291
2008,"MIL",80937499,2610,31010.54,9950999,369
2009,"MIL",80182502,2080,38549.28,-754997.0,-530.0
2010,"MIL",81108278,2233,36322.56,925776,153
2011,"MIL",85497333,2880,29686.57,4389055,647
2012,"MIL",97653944,2158,45252.06,12156611,-722.0
2013,"MIL",76947033,1850,41592.99,-20706911.0,-308.0
2014,"MIL",101217000,2214,45716.8,24269967,364
2015,"MIL",100850000,1972,51140.97,-367000.0,-242.0
2016,"MIL",68775237,2190,31404.22,-32074763.0,218
2000,"MIN",16519500,1794,9208.19,NULL,NULL
2001,"MIN",24130000,2295,10514.16,7610500,501
2002,"MIN",40425000,2538,15927.9,16295000,243
2003,"MIN",55505000,2340,23720.09,15080000,-198.0
2004,"MIN",53585000,2392,22401.76,-1920000.0,52
2005,"MIN",56186000,2241,25071.84,2601000,-151.0
2006,"MIN",63396006,2496,25399.04,7210006,255
2007,"MIN",71439500,2212,32296.34,8043494,-284.0
2008,"MIN",56932766,2200,25878.53,-14506734.0,-12.0
2009,"MIN",65299266,2523,25881.6,8366500,323
2010,"MIN",97559166,2632,37066.55,32259900,109
2011,"MIN",112737000,1575,71579.05,15177834,-1057.0
2012,"MIN",94085000,1782,52797.42,-18652000.0,207
2013,"MIN",75337500,1782,42276.94,-18747500.0,0
2014,"MIN",83762500,1890,44318.78,8425000,108
2015,"MIN",107755000,2075,51930.12,23992500,185
2016,"MIN",102583200,1416,72445.76,-5171800.0,-659.0
2000,"MON",32994333,1943,16981.13,NULL,NULL
2001,"MON",35159500,2108,16679.08,2165167,165
2002,"MON",38670500,2324,16639.63,3511000,216
2003,"MON",51948500,2158,24072.52,13278000,-166.0
2004,"MON",40897500,1943,21048.64,-11051000.0,-215.0
2000,"NYA",92338260,2436,37905.69,NULL,NULL
2001,"NYA",112287143,2945,38128.06,19948883,509
2002,"NYA",125928583,2987,42158.88,13641440,42
2003,"NYA",152749814,2828,54013.37,26821231,-159.0
2004,"NYA",184193950,2929,62886.29,31444136,101
2005,"NYA",208306817,2470,84334.74,24112867,-459.0
2006,"NYA",194663079,2716,71672.71,-13643738.0,246
2007,"NYA",189259045,2632,71906.93,-5404034.0,-84.0
2008,"NYA",207896789,2670,77863.97,18637744,38
2009,"NYA",201449189,2678,75223.74,-6447600.0,8
2010,"NYA",206333389,2375,86877.22,4884200,-303.0
2011,"NYA",202275028,2813,71907.23,-4058361.0,438
2012,"NYA",196522289,2755,71332.95,-5752739.0,-58.0
2013,"NYA",231978886,2635,88037.53,35456597,-120.0
2014,"NYA",197543907,2016,97988.05,-34434979.0,-619.0
2015,"NYA",212751957,2523,84324.99,15208050,507
2016,"NYA",222997792,2436,91542.61,10245835,-87.0
2000,"NYN",79509776,2350,33833.95,NULL,NULL
2001,"NYN",93174428,2378,39181.85,13664652,28
2002,"NYN",94633593,1950,48530.05,1459165,-428.0
2003,"NYN",116876429,1848,63244.82,22242836,-102.0
2004,"NYN",96660970,1988,48622.22,-20215459.0,140
2005,"NYN",101305821,2241,45205.63,4644851,253
2006,"NYN",101084963,2619,38596.78,-220858.0,378
2007,"NYN",115231663,2640,43648.36,14146700,21
2008,"NYN",137793376,2670,51608.01,22561713,30
2009,"NYN",149373987,1960,76211.22,11580611,-710.0
2010,"NYN",134422942,2212,60769.87,-14951045.0,252
2011,"NYN",118847309,2079,57165.61,-15575633.0,-133.0
2012,"NYN",93353983,1998,46723.72,-25493326.0,-81.0
2013,"NYN",49448346,2220,22274.03,-43905637.0,222
2014,"NYN",85556990,2133,40111.11,36108644,-87.0
2015,"NYN",96766683,2250,43007.41,11209693,117
2016,"NYN",133889129,2349,56998.35,37122446,99
2000,"OAK",31971333,2457,13012.35,NULL,NULL
2001,"OAK",33810750,2754,12276.96,1839417,297
2002,"OAK",40004167,2781,14384.81,6193417,27
2003,"OAK",50260834,2496,20136.55,10256667,-285.0
2004,"OAK",59425667,2548,23322.48,9164833,52
2005,"OAK",55425762,2288,24224.55,-3999905.0,-260.0
2006,"OAK",62243079,2325,26771.22,6817317,37
2007,"OAK",79366940,2128,37296.49,17123861,-197.0
2008,"OAK",47967126,2100,22841.49,-31399814.0,-28.0
2009,"OAK",61910000,2025,30572.84,13942874,-75.0
2010,"OAK",55254900,2592,21317.48,-6655100.0,567
2011,"OAK",66536500,2072,32112.21,11281600,-520.0
2012,"OAK",55372500,2820,19635.64,-11164000.0,748
2013,"OAK",60132500,2976,20205.81,4760000,156
2014,"OAK",72408400,2288,31647.03,12275900,-688.0
2015,"OAK",79053501,1904,41519.7,6645101,-384.0
2016,"OAK",86806234,2070,41935.38,7752733,166
2000,"PHI",47308000,1885,25097.08,NULL,NULL
2001,"PHI",41663833,2236,18633.2,-5644167.0,351
2002,"PHI",57954999,2240,25872.77,16291166,4
2003,"PHI",70780000,2494,28380.11,12825001,254
2004,"PHI",92919167,2236,41555.98,22139167,-258.0
2005,"PHI",95522000,2288,41749.13,2602833,52
2006,"PHI",88273333,2295,38463.33,-7248667.0,7
2007,"PHI",89428213,2670,33493.71,1154880,375
2008,"PHI",97879880,2576,37996.85,8451667,-94.0
2009,"PHI",113004046,2511,45003.6,15124166,-65.0
2010,"PHI",141928379,2716,52256.4,28924333,205
2011,"PHI",172976379,3060,56528.23,31048000,344
2012,"PHI",174538938,2430,71826.72,1562559,-630.0
2013,"PHI",169863189,1898,89495.88,-4675749.0,-532.0
2014,"PHI",180944967,2336,77459.32,11081778,438
2015,"PHI",111693000,1638,68188.64,-69251967.0,-698.0
2016,"PHI",58980000,2059,28644.97,-52713000.0,421
2000,"PIT",28928334,1794,16125.05,NULL,NULL
2001,"PIT",57760833,1922,30052.46,28832499,128
2002,"PIT",42323599,2088,20269.92,-15437234.0,166
2003,"PIT",54812429,2100,26101.16,12488830,12
2004,"PIT",32227929,1944,16578.15,-22584500.0,-156.0
2005,"PIT",38133000,1876,20326.76,5905071,-68.0
2006,"PIT",46717750,1876,24902.85,8584750,0
2007,"PIT",38537833,1836,20990.11,-8179917.0,-40.0
2008,"PIT",48689783,1742,27950.51,10151950,-94.0
2009,"PIT",48693000,1612,30206.58,3217,-130.0
2010,"PIT",34943000,1539,22705.0,-13750000.0,-73.0
2011,"PIT",45047000,2088,21574.23,10104000,549
2012,"PIT",62951999,2212,28459.31,17904999,124
2013,"PIT",77062000,2632,29278.88,14110001,420
2014,"PIT",77178000,2464,31322.24,116000,-168.0
2015,"PIT",88892499,2842,31278.15,11714499,378
2016,"PIT",103778833,2184,47517.78,14886334,-658.0
2000,"SDN",54821000,2280,24044.3,NULL,NULL
2001,"SDN",39182833,2212,17713.76,-15638167.0,-68.0
2002,"SDN",41425000,1914,21643.16,2242167,-298.0
2003,"SDN",45210000,1920,23546.88,3785000,6
2004,"SDN",55384833,2262,24484.9,10174833,342
2005,"SDN",63290833,2296,27565.69,7906000,34
2006,"SDN",69896141,2464,28366.94,6605308,168
2007,"SDN",58110567,2314,25112.6,-11785574.0,-150.0
2008,"SDN",73677616,1953,37725.35,15567049,-361.0
2009,"SDN",43333700,2025,21399.36,-30343916.0,72
2010,"SDN",37799300,2340,16153.55,-5534400.0,315
2011,"SDN",45869140,2201,20840.14,8069840,-139.0
2012,"SDN",55244700,2128,25960.86,9375560,-73.0
2013,"SDN",65585500,2128,30820.25,10340800,0
2014,"SDN",75685700,2156,35104.68,10100200,28
2015,"SDN",118441300,1924,61559.93,42755600,-232.0
2016,"SDN",101424814,1836,55242.27,-17016486.0,-88.0
2000,"SEA",58915000,2366,24900.68,NULL,NULL
2001,"SEA",74720834,3248,23005.18,15805834,882
2002,"SEA",80282668,2325,34530.18,5561834,-923.0
2003,"SEA",86959167,2511,34631.29,6676499,186
2004,"SEA",81515834,1764,46210.79,-5443333.0,-747.0
2005,"SEA",87754334,2208,39743.81,6238500,444
2006,"SEA",87959833,2106,41766.3,205499,-102.0
2007,"SEA",106460833,2376,44806.75,18501000,270
2008,"SEA",117666482,1586,74190.72,11205649,-790.0
2009,"SEA",98904166,2380,41556.37,-18762316.0,794
2010,"SEA",86510000,1708,50649.88,-12394166.0,-672.0
2011,"SEA",86110600,1943,44318.37,-399400.0,235
2012,"SEA",81978100,2100,39037.19,-4132500.0,157
2013,"SEA",74005043,1846,40089.41,-7973057.0,-254.0
2014,"SEA",92531100,2175,42543.03,18526057,329
2015,"SEA",122208700,1900,64320.37,29677600,-275.0
2016,"SEA",135683339,2408,56346.9,13474639,508
2000,"SFN",53737826,2522,21307.62,NULL,NULL
2001,"SFN",63280167,2430,26041.22,9542341,-92.0
2002,"SFN",78299835,2565,30526.25,15019668,135
2003,"SFN",82852167,2600,31866.22,4552332,35
2004,"SFN",82019166,2821,29074.5,-833001.0,221
2005,"SFN",90199500,1950,46256.15,8180334,-871.0
2006,"SFN",90056419,1976,45575.11,-143081.0,26
2007,"SFN",90219056,1846,48872.73,162637,-130.0
2008,"SFN",76594500,2088,36683.19,-13624556.0,242
2009,"SFN",83026450,2464,33695.8,6431950,376
2010,"SFN",98641333,2576,38292.44,15614883,112
2011,"SFN",118198333,2322,50903.67,19557000,-254.0
2012,"SFN",117620683,2820,41709.46,-577650.0,498
2013,"SFN",140180334,2128,65874.22,22559651,-692.0
2014,"SFN",163510167,2464,66359.65,23329833,336
2015,"SFN",164701500,2268,72619.71,1191333,-196.0
2016,"SFN",172253778,2175,79197.14,7552278,-93.0
2000,"SLN",61453863,2565,23958.62,NULL,NULL
2001,"SLN",78538333,2790,28149.94,17084470,225
2002,"SLN",74660875,2522,29603.84,-3877458.0,-268.0
2003,"SLN",83786666,2635,31797.6,9125791,113
2004,"SLN",83228333,2730,30486.57,-558333.0,95
2005,"SLN",92106833,2600,35425.71,8878500,-130.0
2006,"SLN",88891371,2241,39665.94,-3215462.0,-359.0
2007,"SLN",90286823,2184,41340.12,1395452,-57.0
2008,"SLN",99624449,2838,35103.75,9337626,654
2009,"SLN",88528409,2457,36031.1,-11096040.0,-381.0
2010,"SLN",93540751,2150,43507.33,5012342,-307.0
2011,"SLN",105433572,2430,43388.3,11892821,280
2012,"SLN",110300862,2464,44764.96,4867290,34
2013,"SLN",92260110,2716,33969.11,-18040752.0,252
2014,"SLN",120693000,2520,47894.05,28432890,-196.0
2015,"SLN",119241500,2600,45862.12,-1451500.0,80
2016,"SLN",143053500,2666,53658.48,23812000,66
2000,"TBA",62765129,2139,29343.21,NULL,NULL
2001,"TBA",56980000,1674,34038.23,-5785129.0,-465.0
2002,"TBA",34380000,1540,22324.68,-22600000.0,-134.0
2003,"TBA",19630000,1575,12463.49,-14750000.0,35
2004,"TBA",29556667,1890,15638.45,9926667,315
2005,"TBA",29679067,1943,15274.87,122400,53
2006,"TBA",34917967,1647,21200.95,5238900,-296.0
2007,"TBA",24123500,1782,13537.32,-10794467.0,135
2008,"TBA",43820597,2910,15058.62,19697097,1128
2009,"TBA",63313034,2436,25990.57,19492437,-474.0
2010,"TBA",71923471,2592,27748.25,8610437,156
2011,"TBA",41053571,2366,17351.47,-30869900.0,-226.0
2012,"TBA",64173500,2520,25465.67,23119929,154
2013,"TBA",52955272,2116,25026.12,-11218228.0,-404.0
2014,"TBA",72689100,1925,37760.57,19733828,-191.0
2015,"TBA",64521233,2320,27810.88,-8167867.0,395
2016,"TBA",57097310,1904,29988.08,-7423923.0,-416.0
2000,"TEX",70795921,1846,38350.99,NULL,NULL
2001,"TEX",88633500,2263,39166.37,17837579,417
2002,"TEX",105526122,2016,52344.31,16892622,-247.0
2003,"TEX",103491667,2130,48587.64,-2034455.0,114
2004,"TEX",55050417,2581,21329.1,-48441250.0,451
2005,"TEX",55849000,2449,22804.82,798583,-132.0
2006,"TEX",68228662,2480,27511.56,12379662,31
2007,"TEX",68318675,2100,32532.7,90013,-380.0
2008,"TEX",67712326,2291,29555.79,-606349.0,191
2009,"TEX",68178798,2523,27022.91,466472,232
2010,"TEX",55250544,2610,21168.79,-12928254.0,87
2011,"TEX",92299264,2784,33153.47,37048720,174
2012,"TEX",120510974,2418,49839.11,28211710,-366.0
2013,"TEX",112522600,2639,42638.35,-7988374.0,221
2014,"TEX",112255059,1608,69810.36,-267541.0,-1031.0
2015,"TEX",143742789,2640,54448.03,31487730,1032
2016,"TEX",176038723,2755,63897.9,32295934,115
2000,"TOR",44838332,2075,21608.83,NULL,NULL
2001,"TOR",76895999,2240,34328.57,32057667,165
2002,"TOR",76864333,2262,33980.7,-31666.0,22
2003,"TOR",51269000,2322,22079.67,-25595333.0,60
2004,"TOR",50017000,1742,28712.4,-1252000.0,-580.0
2005,"TOR",45719500,2080,21980.53,-4297500.0,338
2006,"TOR",71365000,2262,31549.51,25645500,182
2007,"TOR",81942800,2241,36565.28,10577800,-21.0
2008,"TOR",97793900,2322,42116.24,15851100,81
2009,"TOR",80538300,2100,38351.57,-17255600.0,-222.0
2010,"TOR",62234000,2550,24405.49,-18304300.0,450
2011,"TOR",62567800,2511,24917.48,333800,-39.0
2012,"TOR",75009200,1971,38056.42,12441400,-540.0
2013,"TOR",126288100,2294,55051.48,51278900,323
2014,"TOR",109920100,2075,52973.54,-16368000.0,-219.0
2015,"TOR",112992400,2325,48598.88,3072300,250
2016,"TOR",138701700,2581,53739.52,25709300,256
2005,"WAS",48581500,2430,19992.39,NULL,NULL
2006,"WAS",63143000,2201,28688.32,14561500,-229.0
2007,"WAS",36947500,2044,18076.08,-26195500.0,-157.0
2008,"WAS",54961000,1711,32122.15,18013500,-333.0
2009,"WAS",59928000,1652,36276.03,4967000,-59.0
2010,"WAS",61400000,2070,29661.84,1472000,418
2011,"WAS",63856928,2320,27524.54,2456928,250
2012,"WAS",80855143,2940,27501.75,16998215,620
2013,"WAS",113703270,2150,52885.24,32848127,-790.0
2014,"WAS",131983680,2880,45827.67,18280410,730
2015,"WAS",155587472,2407,64639.58,23603792,-473.0
2016,"WAS",141652646,2470,57349.25,-13934826.0,63
